{"west": {"1": {"rating": 0.912309, "round5": 0.07234725, "name": "Oregon", "round6": 0.02575957, "round3": 0.43961241, "seed": 1, "round4": 0.22636162, "round2": 0.72203287, "round1": 0.97687859}, "2": {"rating": 0.919907, "round5": 0.00149699, "name": "Oklahoma", "round6": 0.00010534, "round3": 0.0304264, "seed": 2, "round4": 0.00592059, "round2": 0.15841025, "round1": 0.61063624}, "3": {"rating": 0.892642, "round5": 0.00168692, "name": "Texas A&M", "round6": 0.00035693, "round3": 0.07897366, "seed": 3, "round4": 0.03494329, "round2": 0.54922235, "round1": 0.92568688}, "4": {"rating": 0.875167, "round5": 0.04348119, "name": "Duke", "round6": 0.01714, "round3": 0.26249249, "seed": 4, "round4": 0.12109972, "round2": 0.54298653, "round1": 0.84597916}, "5": {"rating": 0.870648, "round5": 0.12492039, "name": "Baylor", "round6": 0.06714964, "round3": 0.8440524, "seed": 5, "round4": 0.69110882, "round2": 0.97476672, "round1": 0.99624233}, "6": {"rating": 0.848832, "round5": 0.00846835, "name": "Texas", "round6": 0.00260056, "round3": 0.59762815, "seed": 6, "round4": 0.02431863, "round2": 0.90577292, "round1": 0.99808865}, "7": {"rating": 0.768946, "round5": 0.0119909, "name": "Oregon St.", "round6": 0.00388788, "round3": 0.54605823, "seed": 7, "round4": 0.14193816, "round2": 0.9382185, "round1": 0.9954636}, "8": {"rating": 0.816072, "round5": 0.00262887, "name": "Saint Joseph's", "round6": 0.00071111, "round3": 0.03568588, "seed": 8, "round4": 0.0112186, "round2": 0.09322671, "round1": 0.39351391}, "9": {"rating": 0.841554, "round5": 0.0092906, "name": "Cincinnati", "round6": 0.00304924, "round3": 0.08393883, "seed": 9, "round4": 0.03188932, "round2": 0.18259449, "round1": 0.60648609}, "10": {"rating": 0.826164, "round5": 0.00566235, "name": "VCU", "round6": 0.00168649, "round3": 0.05707852, "seed": 10, "round4": 0.02168932, "round2": 0.13989595, "round1": 0.73443704}, "11": {"rating": 0.723906, "round5": 0.00185521, "name": "Northern Iowa", "round6": 0.00047461, "round3": 0.02507946, "seed": 11, "round4": 0.0084253, "round2": 0.09516434, "round1": 0.29989084}, "12": {"rating": 0.81255, "round5": 0.00192763, "name": "Yale", "round6": 0.00044526, "round3": 0.03700786, "seed": 12, "round4": 0.00980374, "round2": 0.13930259, "round1": 0.38725076}, "13": {"rating": 0.72885, "round5": 0.00036807, "name": "UNC Wilmington", "round6": 7.368e-05, "round3": 0.01008468, "seed": 13, "round4": 0.00219083, "round2": 0.04699842, "round1": 0.15402084}, "14": {"rating": 0.619562, "round5": 0.0002382, "name": "Green Bay", "round6": 1.199e-05, "round3": 0.01101394, "seed": 14, "round4": 0.00162741, "round2": 0.0435775, "round1": 0.29702026}, "15": {"rating": 0.687313, "round5": 8.785e-05, "name": "Cal St. Bakersfield", "round6": 1.155e-05, "round3": 0.00320875, "seed": 15, "round4": 0.00082242, "round2": 0.01194585, "round1": 0.04141681}, "16": {"rating": 0.359193, "round5": 6.2e-07, "name": "Southern", "round6": 5e-08, "round3": 0.00012177, "seed": 16, "round4": 9.26e-06, "round2": 0.00131777, "round1": 0.01317002}}, "south": {"1": {"rating": 0.950304, "round5": 0.31879806, "name": "Kansas", "round6": 0.19053139, "round3": 0.67910561, "seed": 1, "round4": 0.44942555, "round2": 0.86031066, "round1": 0.99027066}, "2": {"rating": 0.935171, "round5": 0.13224493, "name": "Villanova", "round6": 0.06388272, "round3": 0.47270538, "seed": 2, "round4": 0.22254275, "round2": 0.76701243, "round1": 0.96293972}, "3": {"rating": 0.897127, "round5": 0.00063738, "name": "Miami FL", "round6": 3.792e-05, "round3": 0.01383932, "seed": 3, "round4": 0.00289768, "round2": 0.11576827, "round1": 0.68616007}, "4": {"rating": 0.876452, "round5": 0.01892783, "name": "California", "round6": 0.00715512, "round3": 0.1086855, "seed": 4, "round4": 0.0397645, "round2": 0.47614677, "round1": 0.85542774}, "5": {"rating": 0.872416, "round5": 0.17349224, "name": "Maryland", "round6": 0.03406882, "round3": 0.67108834, "seed": 5, "round4": 0.32160038, "round2": 0.94395344, "round1": 0.99253958}, "6": {"rating": 0.892664, "round5": 0.03731344, "name": "Arizona", "round6": 0.0182432, "round3": 0.15258642, "seed": 6, "round4": 0.06213827, "round2": 0.33209294, "round1": 0.5346827}, "7": {"rating": 0.883264, "round5": 0.01577552, "name": "Iowa", "round6": 0.00619198, "round3": 0.08927356, "seed": 7, "round4": 0.03200172, "round2": 0.18532737, "round1": 0.72194021}, "8": {"rating": 0.778738, "round5": 0.00153876, "name": "Colorado", "round6": 0.00044932, "round3": 0.01515909, "seed": 8, "round4": 0.00413982, "round2": 0.03928262, "round1": 0.36337233}, "9": {"rating": 0.867739, "round5": 0.83588714, "name": "Connecticut", "round6": 0.70373913, "round3": 0.97767374, "seed": 9, "round4": 0.95475179, "round2": 0.99585093, "round1": 0.99990202}, "10": {"rating": 0.702915, "round5": 0.00044202, "name": "Temple", "round6": 9.305e-05, "round3": 0.0094281, "seed": 10, "round4": 0.00164487, "round2": 0.04054921, "round1": 0.27805979}, "11": {"rating": 0.900474, "round5": 0.01547836, "name": "Wichita St.", "round6": 0.00725003, "round3": 0.066134, "seed": 11, "round4": 0.02675921, "round2": 0.14490973, "round1": 0.24007144}, "12": {"rating": 0.721652, "round5": 2.583e-05, "name": "South Dakota St.", "round6": 8.7e-07, "round3": 0.00174222, "seed": 12, "round4": 0.00019381, "round2": 0.0303963, "round1": 0.31383993}, "13": {"rating": 0.763308, "round5": 4e-08, "name": "Hawaii", "round6": 0.0, "round3": 0.0003226, "seed": 13, "round4": 9.4e-07, "round2": 0.00488876, "round1": 0.03102484}, "14": {"rating": 0.574321, "round5": 2.6e-07, "name": "Buffalo", "round6": 0.0, "round3": 0.00017299, "seed": 14, "round4": 6.68e-06, "round2": 0.00207822, "round1": 0.01729862}, "15": {"rating": 0.619862, "round5": 1e-08, "name": "UNC Asheville", "round6": 0.0, "round3": 1.612e-05, "seed": 15, "round4": 3.3e-07, "round2": 0.0009156, "round1": 0.01277058}, "16": {"rating": 0.383147, "round5": 6e-07, "name": "Austin Peay", "round6": 4e-08, "round3": 9.367e-05, "seed": 16, "round4": 6.55e-06, "round2": 0.00089393, "round1": 0.00972934}}, "midwest": {"1": {"rating": 0.948189, "round5": 0.17223795, "name": "Virginia", "round6": 0.09812291, "round3": 0.51767831, "seed": 1, "round4": 0.30355732, "round2": 0.80380925, "round1": 0.98257765}, "2": {"rating": 0.945019, "round5": 0.00175755, "name": "Michigan St.", "round6": 0.0005278, "round3": 0.00921155, "seed": 2, "round4": 0.00519512, "round2": 0.37622261, "round1": 0.91974488}, "3": {"rating": 0.854671, "round5": 0.02032035, "name": "Utah", "round6": 0.00820703, "round3": 0.15469945, "seed": 3, "round4": 0.05296992, "round2": 0.4955672, "round1": 0.87009917}, "4": {"rating": 0.891989, "round5": 0.02509005, "name": "Iowa St.", "round6": 0.01033111, "round3": 0.14743067, "seed": 4, "round4": 0.06397299, "round2": 0.40173385, "round1": 0.84070229}, "5": {"rating": 0.907842, "round5": 0.00035064, "name": "Purdue", "round6": 2.082e-05, "round3": 0.01079305, "seed": 5, "round4": 0.00160204, "round2": 0.07520484, "round1": 0.38936376}, "6": {"rating": 0.867337, "round5": 6.067e-05, "name": "Seton Hall", "round6": 7.68e-06, "round3": 0.00111135, "seed": 6, "round4": 0.00043357, "round2": 0.002755, "round1": 0.58213862}, "7": {"rating": 0.780893, "round5": 0.00449066, "name": "Dayton", "round6": 0.00140379, "round3": 0.05315441, "seed": 7, "round4": 0.01567429, "round2": 0.11287306, "round1": 0.52355784}, "8": {"rating": 0.809597, "round5": 0.00119576, "name": "Texas Tech", "round6": 0.00040412, "round3": 0.01374853, "seed": 8, "round4": 0.00382012, "round2": 0.04701794, "round1": 0.33060551}, "9": {"rating": 0.812995, "round5": 0.00841967, "name": "Butler", "round6": 0.00304062, "round3": 0.06305958, "seed": 9, "round4": 0.02494155, "round2": 0.14723674, "round1": 0.66939449}, "10": {"rating": 0.811142, "round5": 0.01247596, "name": "Syracuse", "round6": 0.00096228, "round3": 0.1319107, "seed": 10, "round4": 0.05694179, "round2": 0.7258647, "round1": 0.87766027}, "11": {"rating": 0.860704,