{"east": {"1": {"round2": 0.90607491, "round4": 0.43516519, "rating": 0.940687, "round1": 0.98468028, "name": "North Carolina", "round5": 0.25826192, "round6": 0.14879294, "seed": 1, "round3": 0.60726261}, "2": {"round2": 0.59532198, "round4": 0.0986606, "rating": 0.894647, "round1": 0.94127341, "name": "Xavier", "round5": 0.04219462, "round6": 0.01802985, "seed": 2, "round3": 0.29417482}, "3": {"round2": 0.13936101, "round4": 0.01165027, "rating": 0.923722, "round1": 0.64224564, "name": "West Virginia", "round5": 0.00238677, "round6": 0.00017239, "seed": 3, "round3": 0.05726962}, "4": {"round2": 0.7654693, "round4": 0.09448059, "rating": 0.920054, "round1": 0.98722942, "name": "Kentucky", "round5": 0.03253187, "round6": 0.00335135, "seed": 4, "round3": 0.27424116}, "5": {"round2": 0.02149296, "round4": 0.00157543, "rating": 0.895935, "round1": 0.48354377, "name": "Indiana", "round5": 0.00034486, "round6": 2.048e-05, "seed": 5, "round3": 0.00853758}, "6": {"round2": 0.9540887, "round4": 0.52706545, "rating": 0.813109, "round1": 0.99885466, "name": "Notre Dame", "round5": 0.33820089, "round6": 0.08906982, "seed": 6, "round3": 0.82099031}, "7": {"round2": 0.27120281, "round4": 0.02890979, "rating": 0.839024, "round1": 0.62883547, "name": "Wisconsin", "round5": 0.01060848, "round6": 0.00395152, "seed": 7, "round3": 0.10943365}, "8": {"round2": 0.02758362, "round4": 0.00185248, "rating": 0.794435, "round1": 0.37799129, "name": "USC", "round5": 0.00053989, "round6": 0.00016356, "seed": 8, "round3": 0.00618629}, "9": {"round2": 0.0630388, "round4": 0.00847681, "rating": 0.799085, "round1": 0.62200871, "name": "Providence", "round5": 0.00239647, "round6": 0.00070638, "seed": 9, "round3": 0.020679}, "10": {"round2": 0.12546356, "round4": 0.01174962, "rating": 0.802469, "round1": 0.37116453, "name": "Pittsburgh", "round5": 0.00354271, "round6": 0.00110653, "seed": 10, "round3": 0.04765302}, "11": {"round2": 0.04683546, "round4": 0.00314476, "rating": 0.777726, "round1": 0.18883321, "name": "Michigan", "round5": 0.00082972, "round6": 0.0002298, "seed": 11, "round3": 0.01622792}, "12": {"round2": 0.0169029, "round4": 1.171e-05, "rating": 0.657065, "round1": 0.08353419, "name": "Chattanooga", "round5": 1.11e-06, "round6": 1e-07, "seed": 12, "round3": 6.002e-05}, "13": {"round2": 0.01518218, "round4": 0.00055139, "rating": 0.697138, "round1": 0.07469338, "name": "Stony Brook", "round5": 9.857e-05, "round6": 1.914e-05, "seed": 13, "round3": 0.00198296}, "14": {"round2": 0.06274396, "round4": 0.00358159, "rating": 0.834756, "round1": 0.15189607, "name": "SF Austin", "round5": 0.00126465, "round6": 0.0004551, "seed": 14, "round3": 0.02012179}, "15": {"round2": 0.00801166, "round4": 5.067e-05, "rating": 0.571757, "round1": 0.05872659, "name": "Weber St.", "round5": 6.01e-06, "round6": 8e-07, "seed": 15, "round3": 0.00082059}, "16": {"round2": 0.00330268, "round4": 3.482e-05, "rating": 0.498892, "round1": 0.01531972, "name": "Florida Gulf Coast", "round5": 4.07e-06, "round6": 5.3e-07, "seed": 16, "round3": 0.00027874}}, "south": {"1": {"round2": 0.86031066, "round4": 0.44709471, "rating": 0.950304, "round1": 0.99027066, "name": "Kansas", "round5": 0.31727347, "round6": 0.1897228, "seed": 1, "round3": 0.67910561}, "2": {"round2": 0.76701243, "round4": 0.21967459, "rating": 0.935171, "round1": 0.96293972, "name": "Villanova", "round5": 0.13071657, "round6": 0.06324541, "seed": 2, "round3": 0.46574837}, "3": {"round2": 0.11576827, "round4": 0.00289768, "rating": 0.897127, "round1": 0.68616007, "name": "Miami FL", "round5": 0.00063738, "round6": 3.792e-05, "seed": 3, "round3": 0.01383932}, "4": {"round2": 0.47614677, "round4": 0.03935962, "rating": 0.876452, "round1": 0.85542774, "name": "California", "round5": 0.01874992, "round6": 0.00709437, "seed": 4, "round3": 0.1086855}, "5": {"round2": 0.94395344, "round4": 0.32160038, "rating": 0.872416, "round1": 0.99253958, "name": "Maryland", "round5": 0.17349224, "round6": 0.03406882, "seed": 5, "round3": 0.67108834}, "6": {"round2": 0.30955889, "round4": 0.05879395, "rating": 0.892664, "round1": 0.49548547, "name": "Arizona", "round5": 0.03547113, "round6": 0.01743753, "seed": 6, "round3": 0.14332392}, "7": {"round2": 0.18532737, "round4": 0.03145337, "rating": 0.883264, "round1": 0.72194021, "name": "Iowa", "round5": 0.01553231, "round6": 0.00610845, "seed": 7, "round3": 0.08754145}, "8": {"round2": 0.03928262, "round4": 0.00409083, "rating": 0.778738, "round1": 0.36337233, "name": "Colorado", "round5": 0.0015218, "round6": 0.00044478, "seed": 8, "round3": 0.01515909}, "9": {"round2": 0.99585093, "round4": 0.95475179, "rating": 0.867739, "round1": 0.99990202, "name": "Connecticut", "round5": 0.83588714, "round6": 0.70373913, "seed": 9, "round3": 0.97767374}, "10": {"round2": 0.04054921, "round4": 0.00160281, "rating": 0.702915, "round1": 0.27805979, "name": "Temple", "round5": 0.00043149, "round6": 9.101e-05, "seed": 10, "round3": 0.00916799}, "11": {"round2": 0.31682301, "round4": 0.06451751, "rating": 0.900474, "round1": 0.50451453, "name": "Wichita St.", "round5": 0.03853623, "round6": 0.01872649, "seed": 11, "round3": 0.15200108}, "12": {"round2": 0.0303963, "round4": 0.00019381, "rating": 0.721652, "round1": 0.31383993, "name": "South Dakota St.", "round5": 2.583e-05, "round6": 8.7e-07, "seed": 12, "round3": 0.00174222}, "13": {"round2": 0.00488876, "round4": 9.4e-07, "rating": 0.763308, "round1": 0.03102484, "name": "Hawaii", "round5": 4e-08, "round6": 0.0, "seed": 13, "round3": 0.0003226}, "14": {"round2": 0.00207822, "round4": 6.68e-06, "rating": 0.574321, "round1": 0.01729862, "name": "Buffalo", "round5": 2.6e-07, "round6": 0.0, "seed": 14, "round3": 0.00017299}, "15": {"round2": 0.0009156, "round4": 3.3e-07, "rating": 0.619862, "round1": 0.01277058, "name": "UNC Asheville", "round5": 1e-08, "round6": 0.0, "seed": 15, "round3": 1.612e-05}, "16": {"round2": 0.00089393, "round4": 6.45e-06, "rating": 0.383147, "round1": 0.00972934, "name": "Austin Peay", "round5": 5.9e-07, "round6": 4e-08, "seed": 16, "round3": 9.367e-05}}, "midwest": {"1": {"round2": 0.80380925, "round4": 0.30355732, "rating": 0.948189, "round1": 0.98257765, "name": "Virginia", "round5": 0.17226689, "round6": 0.0978437, "seed": 1, "round3": 0.51767831}, "2": {"round2": 0.37622261, "round4": 0.00519512, "rating": 0.945019, "round1": 0.91974488, "name": "Michigan St.", "round5": 0.00175755, "round6": 0.0005278, "seed": 2, "round3": 0.00921155}, "3": {"round2": 0.4955672, "round4": 0.05296992, "rating": 0.854671, "round1": 0.87009917, "name": "Utah", "round5": 0.02032671, "round6": 0.00817369, "seed": 3, "round3": 0.15469945}, "4": {"round2": 0.40173385, "round4": 0.06397299, "rating": 0.891989, "round1": 0.84070229, "name": "Iowa St.", "round5": 0.02509771, "round6": 0.01028974, "seed": 4, "round3": 0.14743067}, "5": {"round2": 0.07520484, "round4": 0.00160204, "rating": 0.907842, "round1": 0.38936376, "name": "Purdue", "round5": 0.00035064, "round6": 2.082e-05, "seed": 5, "round3": 0.01079305}, "6": {"round2": 0.002755, "round4": 0.00043357, "rating": 0.867337, "round1": 0.58213862, "name": "Seton Hall", "round5": 6.067e-05, "round6": 7.68e-06, "seed": 6, "round3": 0.00111135}, "7": {"round2": 0.11287306, "round4": 0.01567429, "rating": 0.780893, "round1": 0.52355784, "name": "Dayton", "round5": 0.00449251, "round6": 0.00139714, "seed": 7, "round3": 0.05315441}, "8": {"round2": 0.04701794, "round4": 0.00382012, "rating": 0.809597, "round1": 0.33060551, "name": "Texas Tech", "round5": 0.00119621, "round6": 0.00040228, "seed": 8, "round3": 0.01374853}, "9": {"round2": 0.14723674, "round4": 0.02494155, "rating": 0.812995, "round1": 0.66939449, "name": "Butler", "round5": 0.00842268, "round6": 0.0030273, "seed": 9, "round3": 0.06305958}, "10": {"round2": 0.7258647, "round4": 0.05694179, "rating": 0.811142, "round1": 0.87766027, "name": "Syracuse", "round5": 0.01247596, "round6": 0.00096228, "seed": 10, "round3": 0.1319107}, "11": {"round2": 0.30534,