{"west": {"1": {"rating": 0.961498, "name": "Wisconsin", "seed": 1, "round6": 0.001468630601, "round4": 0.0063082688923, "round5": 0.0032500525331, "round2": 0.0098524168185, "round3": 0.0085778105095, "round1": 1.0}, "2": {"rating": 0.967408, "name": "Arizona", "seed": 2, "round6": 0.0016956127992, "round4": 0.0069640505943, "round5": 0.0045890309062000005, "round2": 0.0099321261717, "round3": 0.0082346361958, "round1": 1.0}, "3": {"rating": 0.903813, "name": "Baylor", "seed": 3, "round6": 0.00010672283745, "round4": 0.0012562585416999999, "round5": 0.00047595448681, "round2": 0.007570955351600001, "round3": 0.0047304335796, "round1": 1.0}, "4": {"rating": 0.901882, "name": "North Carolina", "seed": 4, "round6": 0.00024753264446000003, "round4": 0.0023031299503, "round5": 0.00081978399243, "round2": 0.008680962888, "round3": 0.006376581133, "round1": 1.0}, "5": {"rating": 0.841594, "name": "Arkansas", "seed": 5, "round6": 3.9727241642e-05, "round4": 0.0007281588608, "round5": 0.00019640407849000002, "round2": 0.0076181411545, "round3": 0.0027381023048000004, "round1": 1.0}, "6": {"rating": 0.851793, "name": "Xavier", "seed": 6, "round6": 2.7122261715e-05, "round4": 0.00045559920192000003, "round5": 0.00012151685955, "round2": 0.0057569533491, "round3": 0.0026480318983000003, "round1": 1.0}, "7": {"rating": 0.839998, "name": "VCU", "seed": 7, "round6": 9.9313614936e-06, "round4": 0.00020975335552, "round5": 5.3768331787000005e-05, "round2": 0.0036292778462000005, "round3": 0.00046371485714000003, "round1": 1.0}, "8": {"rating": 0.797249, "name": "Oregon", "seed": 8, "round6": 5.5732398976999995e-06, "round4": 0.00019310332834000002, "round5": 4.653991295e-05, "round2": 0.0040616294224, "round3": 0.00046029963261999996, "round1": 1.0}, "9": {"rating": 0.814084, "name": "Oklahoma St.", "seed": 9, "round6": 1.3096519813999998e-05, "round4": 0.00037121637697999996, "round5": 8.364350694e-05, "round2": 0.005938370577499999, "round3": 0.0009328261134, "round1": 1.0}, "10": {"rating": 0.868025, "name": "Ohio St.", "seed": 10, "round6": 7.1927328187e-05, "round4": 0.00073627226403, "round5": 0.00025783350156000003, "round2": 0.0063707221537, "round3": 0.0012949823711, "round1": 1.0}, "11": {"rating": 0.839548, "name": "BYU", "seed": 11, "round6": 6.590996659999999e-06, "round4": 0.00013172753469999998, "round5": 4.2076083539000006e-05, "round2": 0.0016971709470999998, "round3": 0.00061988439508, "round1": 0.4377749582}, "12": {"rating": 0.661733, "name": "Wofford", "seed": 12, "round6": 0.029133287163200003, "round4": 3.4762482447000003e-05, "round5": 3.4169967452e-06, "round2": 0.0023818588454, "round3": 0.00040400117974, "round1": 1.0}, "13": {"rating": 0.705859, "name": "Harvard", "seed": 13, "round6": 0.0813099675935, "round4": 5.7601263161e-05, "round5": 7.6117015333e-06, "round2": 0.0013190371109999999, "round3": 0.00048131538217000003, "round1": 1.0}, "14": {"rating": 0.734432, "name": "Georgia St.", "seed": 14, "round6": 1.4063299048999999e-06, "round4": 8.212910119e-05, "round5": 1.2630475031999999e-05, "round2": 0.0024290446483, "round3": 0.00092402723371, "round1": 1.0}, "15": {"rating": 0.411073, "name": "Texas Southern", "seed": 15, "round6": 0.0153318920253, "round4": 0.0856937211628, "round5": 0.0484817511893, "round2": 6.787382822e-05, "round3": 6.6665758047999995e-06, "round1": 1.0}, "16": {"rating": 0.537123, "name": "Coast. Car.", "seed": 16, "round6": 0.0129133462697, "round4": 3.7588455887000004e-06, "round5": 0.0239111485077, "round2": 0.00014758318140000001, "round3": 2.9063744439e-05, "round1": 1.0}}, "east": {"1": {"rating": 0.957101, "name": "Villanova", "seed": 1, "round6": 0.0028205544805999998, "round4": 0.0069883152184, "round5": 0.0045359353793, "round2": 0.0098494812817, "round3": 0.008387253135, "round1": 1.0}, "2": {"rating": 0.958719, "name": "Virginia", "seed": 2, "round6": 0.0018706763733, "round4": 0.0054315122112000005, "round5": 0.0028963879062999997, "round2": 0.009652289395, "round3": 0.007438927298, "round1": 1.0}, "3": {"rating": 0.915002, "name": "Oklahoma", "seed": 3, "round6": 0.00037871796834, "round4": 0.0021359775821, "round5": 0.0007928067263200001, "round2": 0.009018978132, "round3": 0.0058073745490999995, "round1": 1.0}, "4": {"rating": 0.875558, "name": "Louisville", "seed": 4, "round6": 0.00017377967173, "round4": 0.0010702733269, "round5": 0.0003868508426, "round2": 0.007548570852599999, "round3": 0.0041416894713, "round1": 1.0}, "5": {"rating": 0.908038, "name": "Northern Iowa", "seed": 5, "round6": 0.00013498022375, "round4": 0.001009508067, "round5": 0.00034010516026, "round2": 0.0075264098580000004, "round3": 0.004252692416, "round1": 1.0}, "6": {"rating": 0.845836, "name": "Providence", "seed": 6, "round6": 7.1598965036e-05, "round4": 0.00065695628303, "round5": 0.00021020693213, "round2": 0.0052549762412, "round3": 0.0021172515968, "round1": 1.0}, "7": {"rating": 0.878567, "name": "Michigan St.", "seed": 7, "round6": 0.0002004376703, "round4": 0.0010568718784000001, "round5": 0.0004053490337, "round2": 0.006484280516399999, "round3": 0.0018428292524, "round1": 1.0}, "8": {"rating": 0.811134, "name": "North Carolina St.", "seed": 8, "round6": 6.2199401153e-05, "round4": 0.00055184246238, "round5": 0.00017810432104, "round2": 0.005862853902300001, "round3": 0.0010374388768, "round1": 1.0}, "9": {"rating": 0.800599, "name": "LSU", "seed": 9, "round6": 2.1068307126e-05, "round4": 0.00025236323355, "round5": 6.6617824928e-05, "round2": 0.0041371460976000005, "round3": 0.0005489141664299999, "round1": 1.0}, "10": {"rating": 0.817751, "name": "Georgia", "seed": 10, "round6": 2.08136751e-05, "round4": 0.00025543230966, "round5": 6.166299079399999e-05, "round2": 0.0035157194835, "round3": 0.00065318497588, "round1": 1.0}, "11": {"rating": 0.809125, "name": "Boise St.", "seed": 11, "round6": 2.9533375620000003e-06, "round4": 5.2377110811e-05, "round5": 1.0704223388999999e-05, "round2": 0.0009668889134399999, "round3": 0.00028392893791, "round1": 0.265430425497}, "12": {"rating": 0.637277, "name": "Wyoming", "seed": 12, "round6": 1.5589041996e-06, "round4": 6.738828839899999e-05, "round5": 9.1008170355e-06, "round2": 0.0024735901419, "round3": 0.0008275656830600001, "round1": 1.0}, "13": {"rating": 0.655936, "name": "UC Irvine", "seed": 13, "round6": 0.0996655676499, "round4": 5.481722402200001e-05, "round5": 6.5089702362999995e-06, "round2": 0.0024514291473, "round3": 0.00077805242953, "round1": 1.0}, "14": {"rating": 0.568562, "name": "Albany", "seed": 14, "round6": 0.0463474533207, "round4": 2.4514142582e-05, "round5": 3.3550947573e-06, "round2": 0.00098102186789, "round3": 0.00021021046008, "round1": 1.0}, "15": {"rating": 0.536296, "name": "Belmont", "seed": 15, "round6": 0.021905634732000002, "round4": 1.1949529309000002e-05, "round5": 1.2761710455999999e-06, "round2": 0.00034771060494, "round3": 6.5058473592e-05, "round1": 1.0}, "16": {"rating": 0.428496, "name": "Lafayette", "seed": 16, "round6": 0.048263406614099995, "round4": 5.4921791362e-06, "round5": 0.052546544415699996, "round2": 0.00015051871829, "round3": 2.6393821504e-05, "round1": 1.0}}, "midwest": {"1": {"rating": 0.978741, "name": "Kentucky", "seed": 1, "round6": 0.0052866537, "round4": 0.0085283835149, "round5": 0.007230099887, "round2": 0.0099599634, "round3": 0.0093754667545, "round1": 1.0}, "2": {"rating": 0.911139, "name": "Kansas", "seed": 2, "round6": 0.00030898979153000004, "round4": 0.003153507189, "round5": 0.00074495996209, "round2": 0.009066590087900001, "round3": 0.0056952167026, "round1": 1.0}, "3": {"rating": 0.912696, "name": "Notre Dame", "seed": 3, "round6": 0.00030448991482999997, "round4": 0.0030965233613999997, "round5": 0.0007419769846, "round2": 0.0089927291385, "round3": 0.005656600161, "round1": 1.0}, "4": {"rating": 0.828921, "name": "Maryland", "seed": 4, "round6": 5.7771992987e-05, "round4": 0.00047578416720000003, "round5": 0.00020879147357999998, "round2": 0.0072471891436, "round3": 0.0038523122989000003,