{"east": {"1": {"name": "Michigan", "rating": 0.9257703081232495, "seed": 1, "round1": 0.968465914775, "round2": 0.656091166245, "round3": 0.412128843401, "round4": 0.238633835072, "round5": 0.090264124252, "round6": 0.041528698425}, "16": {"name": "Mount St. Mary's", "rating": 0.46995161701044064, "seed": 16, "round1": 0.016069290103, "round2": 0.001502305299, "round3": 0.000148983734, "round4": 1.4572141e-05, "round5": 8.62436e-07, "round6": 7.5677e-08}, "8": {"name": "LSU", "rating": 0.7831678125795775, "seed": 8, "round1": 0.599581315007, "round2": 0.220744627411, "round3": 0.112773323935, "round4": 0.053085243807, "round5": 0.015681845037, "round6": 0.005882247298}, "9": {"name": "St. Bonaventure", "rating": 0.7988286223580342, "seed": 9, "round1": 0.400418684993, "round2": 0.120238165748, "round3": 0.052837921208, "round4": 0.02148993239, "round5": 0.005395210764, "round6": 0.001763670263}, "5": {"name": "Colorado", "rating": 0.8097784568372804, "seed": 5, "round1": 0.695096338349, "round2": 0.369595958832, "round3": 0.163187170053, "round4": 0.079707508166, "round5": 0.024566365038, "round6": 0.00954729071}, "12": {"name": "Georgetown", "rating": 0.7127578304048894, "seed": 12, "round1": 0.304903661651, "round2": 0.115181388877, "round3": 0.035230738558, "round4": 0.01262785568, "round5": 0.002767995724, "round6": 0.000805214173}, "4": {"name": "Florida St.", "rating": 0.8147440794499619, "seed": 4, "round1": 0.829233071893, "round2": 0.469681714738, "round3": 0.214054968565, "round4": 0.107353391345, "round5": 0.034119312145, "round6": 0.013603298892}, "13": {"name": "UNC Greensboro", "rating": 0.6375095492742552, "seed": 13, "round1": 0.170766928107, "round2": 0.045540937554, "round3": 0.009498901878, "round4": 0.002440330404, "round5": 0.000378937635, "round6": 8.1359473e-05}, "6": {"name": "BYU", "rating": 0.8003565062388592, "seed": 6, "round1": 0.540770253482, "round2": 0.262149576084, "round3": 0.10793883499, "round4": 0.0466684461, "round5": 0.013073202898, "round6": 0.004689715896}, "11": {"name": "UCLA", "rating": 0.7364400305576777, "seed": 11, "round1": 0.201545854382, "round2": 0.088442393252, "round3": 0.032743562266, "round4": 0.012908930827, "round5": 0.003272362703, "round6": 0.001078574915}, "3": {"name": "Texas", "rating": 0.7957728545963841, "seed": 3, "round1": 0.845812232739, "round2": 0.490259600629, "round3": 0.228447413033, "round4": 0.109980755876, "round5": 0.034726981142, "round6": 0.013770683624}, "14": {"name": "Abilene Christian", "rating": 0.6627196333078688, "seed": 14, "round1": 0.154187767261, "round2": 0.038717518653, "round3": 0.007682762872, "round4": 0.001745948855, "round5": 0.000251060496, "round6": 5.0307486e-05}, "7": {"name": "Connecticut", "rating": 0.8125795772854597, "seed": 7, "round1": 0.539277899269, "round2": 0.220067947099, "round3": 0.116058174956, "round4": 0.053342563876, "round5": 0.015987557871, "round6": 0.006070007766}, "10": {"name": "Maryland", "rating": 0.7720906544435957, "seed": 10, "round1": 0.460722100731, "round2": 0.174978190241, "round3": 0.08740502138, "round4": 0.038014698805, "round5": 0.01071833516, "round6": 0.003866031664}, "2": {"name": "Alabama", "rating": 0.8519225872167049, "seed": 2, "round1": 0.952682338706, "round2": 0.599770249334, "round3": 0.371361581267, "round4": 0.201965087804, "round5": 0.073483203843, "round6": 0.032752788127}, "15": {"name": "Iona", "rating": 0.520499108734403, "seed": 15, "round1": 0.047317661294, "round2": 0.005183613326, "round3": 0.000681010199, "round4": 8.1113081e-05, "round5": 6.13223e-06, "round6": 6.7868e-07}}, "west": {"1": {"name": "Gonzaga", "rating": 1.0, "seed": 1, "round1": 0.989375086379, "round2": 0.891744620919, "round3": 0.718852799606, "round4": 0.54529399157, "round5": 0.418046015207, "round6": 0.272132468768}, "16": {"name": "Norfolk St.", "rating": 0.4861217214158391, "seed": 16, "round1": 0.003707298721, "round2": 0.000412222684, "round3": 3.263809e-05, "round4": 2.616794e-06, "round5": 2.67671e-07, "round6": 2.2026e-08}, "8": {"name": "Oklahoma", "rating": 0.7456073338426281, "seed": 8, "round1": 0.568346947771, "round2": 0.065449478091, "round3": 0.027232072252, "round4": 0.010610467892, "round5": 0.004568940157, "round6": 0.001538493235}, "9": {"name": "Missouri", "rating": 0.7266361089890503, "seed": 9, "round1": 0.431653052229, "round2": 0.041414590003, "round3": 0.015216169586, "round4": 0.005274715788, "round5": 0.002053520039, "round6": 0.000624107131}, "5": {"name": "Creighton", "rating": 0.8049401578813344, "seed": 5, "round1": 0.818670457985, "round2": 0.413022838139, "round3": 0.098386730649, "round4": 0.048609683504, "round5": 0.025653333311, "round6": 0.010698832294}, "12": {"name": "UCSB", "rating": 0.6894576012223073, "seed": 12, "round1": 0.181329542015, "round2": 0.043880212742, "round3": 0.00440421205, "round4": 0.001124037434, "round5": 0.000334750252, "round6": 7.7963558e-05}, "4": {"name": "Virginia", "rating": 0.8221288515406162, "seed": 4, "round1": 0.864144591476, "round2": 0.509287632916, "round3": 0.132758632613, "round4": 0.069563825333, "round5": 0.038606303585, "round6": 0.017011524901}, "13": {"name": "Ohio", "rating": 0.67519735166794, "seed": 13, "round1": 0.135855408524, "round2": 0.033809316202, "round3": 0.003018663893, "round4": 0.000697016189, "round5": 0.000189903471, "round6": 4.0535619e-05}, "6": {"name": "USC", "rating": 0.8166539343009932, "seed": 6, "round1": 0.728381921039, "round2": 0.355547660337, "round3": 0.14221691117, "round4": 0.037698162795, "round5": 0.018538769686, "round6": 0.007168697542}, "11": {"name": "Drake", "rating": 0.7201426024955437, "seed": 11, "round1": 0.093350181704, "round2": 0.025809800851, "round3": 0.00571688575, "round4": 0.000822051574, "round5": 0.000255595885, "round6": 6.2105497e-05}, "3": {"name": "Kansas", "rating": 0.8015024191494781, "seed": 3, "round1": 0.879322516866, "round2": 0.531016335314, "round3": 0.234173865923, "round4": 0.069030132929, "round5": 0.03646650774, "round6": 0.015225005889}, "14": {"name": "E Washington", "rating": 0.618411000763942, "seed": 14, "round1": 0.120677483134, "round2": 0.027926046315, "round3": 0.004373566419, "round4": 0.000443825501, "round5": 0.000103236341, "round6": 1.8888051e-05}, "7": {"name": "Oregon", "rating": 0.7588489941431119, "seed": 7, "round1": 0.614113072454, "round2": 0.189261213771, "round3": 0.090681438303, "round4": 0.022211838735, "round5": 0.010339518047, "round6": 0.003773884141}, "10": {"name": "VCU", "rating": 0.7363127069009422, "seed": 10, "round1": 0.385886927546, "round2": 0.092845832511, "round3": 0.03688262798, "round4": 0.007227715074, "round5": 0.002860357907, "round6": 0.000883832066}, "2": {"name": "Iowa", "rating": 0.9017061370002547, "seed": 2, "round1": 0.943964484445, "round2": 0.706352114779, "round3": 0.467745932054, "round4": 0.178371688422, "round5": 0.110842311176, "round6": 0.055510625007}, "15": {"name": "Grand Canyon", "rating": 0.622612681436211, "seed": 15, "round1": 0.056035515555, "round2": 0.01154083894, "round3": 0.002098912565, "round4": 0.000177377336, "round5": 3.5199179e-05, "round6": 5.518857e-06}}, "south": {"1": {"name": "Baylor", "rating": 0.9093455564043801, "seed": 1, "round1": 0.981676727221, "round2": 0.718368760248, "round3": 0.568088729588, "round4": 0.404924436783, "round5": 0.240206119275, "round6": 0.132030599476}, "16": {"name": "Hartford", "rating": 0.49898141074611674, "seed": 16, "round1": 0.018323272779, "round2": 0.001298003901, "round3": 0.000169009757, "round4": 1.8983479e-05, "round5": 1.718945e-06, "round6": 1.60735e-07}, "8": {"name": "North Carolina", "rating": 0.7895339954163485, "seed": 8, "round1": 0.44594212622, "round2": 0.116800009035, "round3": 0.071035944303, "round4": 0.037188055338, "round5": 0.015456650652, "round6": 0.006049174025}, "9": {"name": "Wisconsin", "rating": 0.8221288515406162, "seed": 9, "round1": 0.55405787378, "round2": 0.163533226816, "round3": 0.105390268974, "round4": 0.058847802789,